{"mean":{"confidence_interval":{"confidence_level":0.95,"lower_bound":22524.05115544107,"upper_bound":22716.680249347024},"point_estimate":22616.24112378679,"standard_error":49.4114899103821},"median":{"confidence_interval":{"confidence_level":0.95,"lower_bound":22475.56340789143,"upper_bound":22787.67383764765},"point_estimate":22544.48721412415,"standard_error":89.23724000283862},"median_abs_dev":{"confidence_interval":{"confidence_level":0.95,"lower_bound":20.005387265467157,"upper_bound":260.4359044395468},"point_estimate":122.19182057192656,"standard_error":73.39312513785296},"slope":{"confidence_interval":{"confidence_level":0.95,"lower_bound":22481.785260777513,"upper_bound":22745.488404537766},"point_estimate":22634.8379074557,"standard_error":69.3600047204165},"std_dev":{"confidence_interval":{"confidence_level":0.95,"lower_bound":93.6959668244416,"upper_bound":194.93647043548003},"point_estimate":164.49998785364232,"standard_error":26.1292420337093}}