{"mean":{"confidence_interval":{"confidence_level":0.95,"lower_bound":-0.41026011837214166,"upper_bound":-0.40664039237361166},"point_estimate":-0.4085646334219091,"standard_error":0.0009100634096677016},"median":{"confidence_interval":{"confidence_level":0.95,"lower_bound":-0.41121500325432303,"upper_bound":-0.40708635067167276},"point_estimate":-0.409247415549408,"standard_error":0.0011400707095107294}}