{"mean":{"confidence_interval":{"confidence_level":0.95,"lower_bound":-0.5533407605857413,"upper_bound":-0.547747791317142},"point_estimate":-0.5505708260681044,"standard_error":0.001438358197764873},"median":{"confidence_interval":{"confidence_level":0.95,"lower_bound":-0.5550753812895337,"upper_bound":-0.546167508427713},"point_estimate":-0.5498401507886763,"standard_error":0.0025777647890495403}}