{"mean":{"confidence_interval":{"confidence_level":0.95,"lower_bound":-0.47270995842261837,"upper_bound":-0.4695044115637169},"point_estimate":-0.4711107270193283,"standard_error":0.0008220841767421901},"median":{"confidence_interval":{"confidence_level":0.95,"lower_bound":-0.4737479767474736,"upper_bound":-0.46845841672369437},"point_estimate":-0.47215049567167067,"standard_error":0.0014291379550292929}}