{"mean":{"confidence_interval":{"confidence_level":0.95,"lower_bound":238077738.24499997,"upper_bound":239122701.5058333},"point_estimate":238585281.9333333,"standard_error":267429.7615280889},"median":{"confidence_interval":{"confidence_level":0.95,"lower_bound":237876208.5,"upper_bound":239613763.66666666},"point_estimate":238229791.66666666,"standard_error":508405.9290403515},"median_abs_dev":{"confidence_interval":{"confidence_level":0.95,"lower_bound":94886.39831542969,"upper_bound":1360223.2066512108},"point_estimate":847460.3224545569,"standard_error":369660.2453931289},"slope":null,"std_dev":{"confidence_interval":{"confidence_level":0.95,"lower_bound":557941.7617441122,"upper_bound":1018087.3470848062},"point_estimate":887013.2479143254,"standard_error":120102.13806186547}}