{"mean":{"confidence_interval":{"confidence_level":0.95,"lower_bound":-0.46877811962128185,"upper_bound":-0.4619006726012306},"point_estimate":-0.4653834524478152,"standard_error":0.001761583378719961},"median":{"confidence_interval":{"confidence_level":0.95,"lower_bound":-0.47022243579100176,"upper_bound":-0.46044221077711245},"point_estimate":-0.4657391565600133,"standard_error":0.0025106086706736465}}