{"mean":{"confidence_interval":{"confidence_level":0.95,"lower_bound":-0.6087285304953466,"upper_bound":-0.6059037285939728},"point_estimate":-0.6072895742032647,"standard_error":0.0007193758501320482},"median":{"confidence_interval":{"confidence_level":0.95,"lower_bound":-0.6092156441759164,"upper_bound":-0.6051263828705006},"point_estimate":-0.6072796053115208,"standard_error":0.0010930670189718394}}