{"mean":{"confidence_interval":{"confidence_level":0.95,"lower_bound":78171083.84228028,"upper_bound":79002227.0269598},"point_estimate":78557619.38501982,"standard_error":213404.09632251065},"median":{"confidence_interval":{"confidence_level":0.95,"lower_bound":78050526.56944445,"upper_bound":79101219.0},"point_estimate":78344888.82857142,"standard_error":245339.8436276596},"median_abs_dev":{"confidence_interval":{"confidence_level":0.95,"lower_bound":82091.60290258018,"upper_bound":1158858.7793448977},"point_estimate":482569.0098764375,"standard_error":285347.7530983449},"slope":{"confidence_interval":{"confidence_level":0.95,"lower_bound":78138432.69303797,"upper_bound":78452578.36438356},"point_estimate":78297536.29350649,"standard_error":78326.23047608115},"std_dev":{"confidence_interval":{"confidence_level":0.95,"lower_bound":311726.89417159394,"upper_bound":940921.9425949951},"point_estimate":711154.5600497755,"standard_error":167754.95218615438}}