{"mean":{"confidence_interval":{"confidence_level":0.95,"lower_bound":46319.88874142135,"upper_bound":46564.37685809086},"point_estimate":46436.823738585445,"standard_error":62.699969617857995},"median":{"confidence_interval":{"confidence_level":0.95,"lower_bound":46266.84839203675,"upper_bound":46594.322613578355},"point_estimate":46391.79323634507,"standard_error":107.19851242653402},"median_abs_dev":{"confidence_interval":{"confidence_level":0.95,"lower_bound":24.211069478283978,"upper_bound":379.5777200452225},"point_estimate":201.84881559717084,"standard_error":93.0202828529301},"slope":{"confidence_interval":{"confidence_level":0.95,"lower_bound":46247.56379045471,"upper_bound":46384.1814821813},"point_estimate":46296.851213513386,"standard_error":34.80748055317553},"std_dev":{"confidence_interval":{"confidence_level":0.95,"lower_bound":121.8802498803628,"upper_bound":262.9857574380533},"point_estimate":208.8290268693413,"standard_error":37.91225978209143}}