{"mean":{"confidence_interval":{"confidence_level":0.95,"lower_bound":5860688916.9,"upper_bound":5873186098.5175},"point_estimate":5867029725.0,"standard_error":3199968.1915517403},"median":{"confidence_interval":{"confidence_level":0.95,"lower_bound":5857029959.0,"upper_bound":5874617687.5},"point_estimate":5870006875.0,"standard_error":4756161.8912934465},"median_abs_dev":{"confidence_interval":{"confidence_level":0.95,"lower_bound":306281.4329624176,"upper_bound":17549288.294237852},"point_estimate":10487850.68590343,"standard_error":4511907.597344571},"slope":null,"std_dev":{"confidence_interval":{"confidence_level":0.95,"lower_bound":6220085.052945903,"upper_bound":13216376.990144206},"point_estimate":10660321.862556621,"standard_error":1780135.495526773}}