{"mean":{"confidence_interval":{"confidence_level":0.95,"lower_bound":-0.5778970516776297,"upper_bound":-0.5756774801605312},"point_estimate":-0.5767805443837948,"standard_error":0.0005645861691537502},"median":{"confidence_interval":{"confidence_level":0.95,"lower_bound":-0.578411458651612,"upper_bound":-0.5750172556890762},"point_estimate":-0.5769529109942946,"standard_error":0.0008116826978682526}}