{"mean":{"confidence_interval":{"confidence_level":0.95,"lower_bound":-0.42684332129248276,"upper_bound":-0.42059023547202046},"point_estimate":-0.4235312466018062,"standard_error":0.00160359368309221},"median":{"confidence_interval":{"confidence_level":0.95,"lower_bound":-0.42744837286664805,"upper_bound":-0.41981589569428257},"point_estimate":-0.4217764512758301,"standard_error":0.0018801423682432014}}