{"mean":{"confidence_interval":{"confidence_level":0.95,"lower_bound":-0.4170590771561668,"upper_bound":-0.4101192722217717},"point_estimate":-0.4133579491482623,"standard_error":0.0017798018792375403},"median":{"confidence_interval":{"confidence_level":0.95,"lower_bound":-0.41718521908170303,"upper_bound":-0.40877088729794797},"point_estimate":-0.41102943703758177,"standard_error":0.0021769128174584356}}