{"mean":{"confidence_interval":{"confidence_level":0.95,"lower_bound":196582.41512108146,"upper_bound":198794.66439602998},"point_estimate":197611.47304345196,"standard_error":570.5129165338725},"median":{"confidence_interval":{"confidence_level":0.95,"lower_bound":196214.894365771,"upper_bound":199127.8816993464},"point_estimate":196530.99905591866,"standard_error":841.9444763482716},"median_abs_dev":{"confidence_interval":{"confidence_level":0.95,"lower_bound":130.14001741178927,"upper_bound":3130.8534157016516},"point_estimate":806.245869070429,"standard_error":893.1386464957669},"slope":{"confidence_interval":{"confidence_level":0.95,"lower_bound":196202.62116368287,"upper_bound":197660.7893798979},"point_estimate":196843.64447273858,"standard_error":405.983034535686},"std_dev":{"confidence_interval":{"confidence_level":0.95,"lower_bound":824.9379771536434,"upper_bound":2388.33867014118},"point_estimate":1898.1329847690058,"standard_error":403.25554415807534}}