{"mean":{"confidence_interval":{"confidence_level":0.95,"lower_bound":-0.4635538142843738,"upper_bound":-0.45873502694492496},"point_estimate":-0.46112379134023274,"standard_error":0.0012264628061160582},"median":{"confidence_interval":{"confidence_level":0.95,"lower_bound":-0.46389248511735826,"upper_bound":-0.45785141890071834},"point_estimate":-0.462578279584104,"standard_error":0.0016843312344400818}}