{"mean":{"confidence_interval":{"confidence_level":0.95,"lower_bound":-0.5849598050622316,"upper_bound":-0.5825227224229439},"point_estimate":-0.5835739734659939,"standard_error":0.0006294916074428453},"median":{"confidence_interval":{"confidence_level":0.95,"lower_bound":-0.5843675687473936,"upper_bound":-0.5819028845098329},"point_estimate":-0.5824532926555758,"standard_error":0.0006830533835120947}}