{"mean":{"confidence_interval":{"confidence_level":0.95,"lower_bound":-0.4130775940472571,"upper_bound":-0.4093788172466604},"point_estimate":-0.41121471085528183,"standard_error":0.000945840293430562},"median":{"confidence_interval":{"confidence_level":0.95,"lower_bound":-0.4138700153714896,"upper_bound":-0.40866752177919785},"point_estimate":-0.4106323597953241,"standard_error":0.0014245093927267275}}