{"mean":{"confidence_interval":{"confidence_level":0.95,"lower_bound":-0.5609489911485958,"upper_bound":-0.5588293839780897},"point_estimate":-0.5599209199562889,"standard_error":0.0005433482826463717},"median":{"confidence_interval":{"confidence_level":0.95,"lower_bound":-0.5614007570986097,"upper_bound":-0.5582045679520387},"point_estimate":-0.5602502650041026,"standard_error":0.0008796776301510311}}