{"mean":{"confidence_interval":{"confidence_level":0.95,"lower_bound":1311759784.77,"upper_bound":1314497545.9},"point_estimate":1313196416.7,"standard_error":698934.0747409001},"median":{"confidence_interval":{"confidence_level":0.95,"lower_bound":1311922125.0,"upper_bound":1315147500.0},"point_estimate":1313020458.0,"standard_error":740038.0744674682},"median_abs_dev":{"confidence_interval":{"confidence_level":0.95,"lower_bound":294511.8130713701,"upper_bound":3947855.349111557},"point_estimate":1992120.6588327885,"standard_error":975899.2829613598},"slope":null,"std_dev":{"confidence_interval":{"confidence_level":0.95,"lower_bound":1122135.201540797,"upper_bound":3120895.515328687},"point_estimate":2323007.775931935,"standard_error":539349.3083279806}}