{"mean":{"confidence_interval":{"confidence_level":0.95,"lower_bound":409281154.35,"upper_bound":410595135.55},"point_estimate":409943993.85,"standard_error":337519.2425995611},"median":{"confidence_interval":{"confidence_level":0.95,"lower_bound":408776000.0,"upper_bound":410719562.5},"point_estimate":410122896.0,"standard_error":432719.635859149},"median_abs_dev":{"confidence_interval":{"confidence_level":0.95,"lower_bound":73836.07323914766,"upper_bound":2090743.5797318816},"point_estimate":1138682.7403843403,"standard_error":545822.0026780077},"slope":null,"std_dev":{"confidence_interval":{"confidence_level":0.95,"lower_bound":624050.2046854158,"upper_bound":1397915.3233838247},"point_estimate":1125463.8466124646,"standard_error":194648.96767736846}}