{"mean":{"confidence_interval":{"confidence_level":0.95,"lower_bound":-0.5030521727663697,"upper_bound":-0.5008697301541527},"point_estimate":-0.5019956157480625,"standard_error":0.0005575502991526302},"median":{"confidence_interval":{"confidence_level":0.95,"lower_bound":-0.5037662152663073,"upper_bound":-0.5000799332821996},"point_estimate":-0.5020117102430125,"standard_error":0.0008426332245438865}}