{"mean":{"confidence_interval":{"confidence_level":0.95,"lower_bound":-0.48143832101016015,"upper_bound":-0.4749771441187503},"point_estimate":-0.4780524538648513,"standard_error":0.0016558041224740997},"median":{"confidence_interval":{"confidence_level":0.95,"lower_bound":-0.48257427352478965,"upper_bound":-0.4731474613576794},"point_estimate":-0.4752405838975956,"standard_error":0.002554688071740257}}