{"mean":{"confidence_interval":{"confidence_level":0.95,"lower_bound":9588280449.625,"upper_bound":9613224641.6},"point_estimate":9600402220.8,"standard_error":6392911.71752641},"median":{"confidence_interval":{"confidence_level":0.95,"lower_bound":9580357625.0,"upper_bound":9615844875.0},"point_estimate":9600225125.0,"standard_error":9300076.917966317},"median_abs_dev":{"confidence_interval":{"confidence_level":0.95,"lower_bound":1988289.620500803,"upper_bound":36196381.08238578},"point_estimate":21952085.37567258,"standard_error":8587966.386567568},"slope":null,"std_dev":{"confidence_interval":{"confidence_level":0.95,"lower_bound":12188876.317057176,"upper_bound":27015115.097108755},"point_estimate":21264200.481232274,"standard_error":3923422.141278736}}