{"mean":{"confidence_interval":{"confidence_level":0.95,"lower_bound":845.6164290060893,"upper_bound":852.3188527674297},"point_estimate":848.6492629302123,"standard_error":1.7251025533859963},"median":{"confidence_interval":{"confidence_level":0.95,"lower_bound":844.7104438365978,"upper_bound":851.4628999169638},"point_estimate":847.4277371416011,"standard_error":1.6442114828796115},"median_abs_dev":{"confidence_interval":{"confidence_level":0.95,"lower_bound":0.9860930271436029,"upper_bound":8.414952452201987},"point_estimate":4.264642540934956,"standard_error":1.905780526778626},"slope":{"confidence_interval":{"confidence_level":0.95,"lower_bound":845.3691530546496,"upper_bound":856.8341955029033},"point_estimate":850.5518591163147,"standard_error":3.24411750812731},"std_dev":{"confidence_interval":{"confidence_level":0.95,"lower_bound":2.12987360606342,"upper_bound":7.842009000365443},"point_estimate":5.738371925868493,"standard_error":1.566622652324865}}