{"mean":{"confidence_interval":{"confidence_level":0.95,"lower_bound":-0.4775337644304383,"upper_bound":-0.47395481929314415},"point_estimate":-0.4758435338317011,"standard_error":0.0009060222087653545},"median":{"confidence_interval":{"confidence_level":0.95,"lower_bound":-0.47763739916357595,"upper_bound":-0.4748163579004925},"point_estimate":-0.476231053877219,"standard_error":0.0006191747475892691}}