{"mean":{"confidence_interval":{"confidence_level":0.95,"lower_bound":450122649.2675,"upper_bound":452067387.45},"point_estimate":451106297.9,"standard_error":499232.3816239678},"median":{"confidence_interval":{"confidence_level":0.95,"lower_bound":449575270.75,"upper_bound":452513156.0},"point_estimate":451321427.25,"standard_error":800645.447892467},"median_abs_dev":{"confidence_interval":{"confidence_level":0.95,"lower_bound":267114.47750777006,"upper_bound":2811704.148182273},"point_estimate":1767305.8705240488,"standard_error":632691.4655910591},"slope":null,"std_dev":{"confidence_interval":{"confidence_level":0.95,"lower_bound":1002492.8850799127,"upper_bound":2011781.6026426565},"point_estimate":1662289.4510231095,"standard_error":256543.8064060066}}