{"mean":{"confidence_interval":{"confidence_level":0.95,"lower_bound":13291603420.8,"upper_bound":13352848983.3},"point_estimate":13320807062.4,"standard_error":15735633.109146401},"median":{"confidence_interval":{"confidence_level":0.95,"lower_bound":13279688625.0,"upper_bound":13363259208.0},"point_estimate":13302692750.0,"standard_error":25941977.627263263},"median_abs_dev":{"confidence_interval":{"confidence_level":0.95,"lower_bound":7947631.349301338,"upper_bound":95074503.18709016},"point_estimate":56098895.79154551,"standard_error":21272213.756952472},"slope":null,"std_dev":{"confidence_interval":{"confidence_level":0.95,"lower_bound":29438972.80913384,"upper_bound":66183786.39541337},"point_estimate":52522306.732041575,"standard_error":9692295.580673851}}