{"mean":{"confidence_interval":{"confidence_level":0.95,"lower_bound":-0.5559399973241318,"upper_bound":-0.5536854277963088},"point_estimate":-0.5547758588786691,"standard_error":0.0005757350229643821},"median":{"confidence_interval":{"confidence_level":0.95,"lower_bound":-0.5564299036803204,"upper_bound":-0.553070686196461},"point_estimate":-0.5542457700528338,"standard_error":0.0009356105634478416}}