{"mean":{"confidence_interval":{"confidence_level":0.95,"lower_bound":-0.5129504628332633,"upper_bound":-0.4958719002508948},"point_estimate":-0.5043475887942076,"standard_error":0.004358236011901708},"median":{"confidence_interval":{"confidence_level":0.95,"lower_bound":-0.5197383976607977,"upper_bound":-0.49136645319547523},"point_estimate":-0.49717799538756147,"standard_error":0.008940218434441328}}