{"mean":{"confidence_interval":{"confidence_level":0.95,"lower_bound":235512859.30749997,"upper_bound":236562672.29666665},"point_estimate":236034469.43333334,"standard_error":268023.5793967579},"median":{"confidence_interval":{"confidence_level":0.95,"lower_bound":235411798.83333334,"upper_bound":236705458.1666667},"point_estimate":235963263.8333333,"standard_error":339641.99479912553},"median_abs_dev":{"confidence_interval":{"confidence_level":0.95,"lower_bound":185839.45890069008,"upper_bound":1521301.516291536},"point_estimate":782915.3326004817,"standard_error":341306.1335297266},"slope":null,"std_dev":{"confidence_interval":{"confidence_level":0.95,"lower_bound":476402.68146579445,"upper_bound":1147101.683505974},"point_estimate":891820.9627333354,"standard_error":170845.1713158241}}