{"mean":{"confidence_interval":{"confidence_level":0.95,"lower_bound":-0.43534569984300775,"upper_bound":-0.42938771325014796},"point_estimate":-0.4323343810584811,"standard_error":0.0015209276351536303},"median":{"confidence_interval":{"confidence_level":0.95,"lower_bound":-0.4374452382941427,"upper_bound":-0.426658979294672},"point_estimate":-0.43042950931104573,"standard_error":0.0027900453177629337}}