{"mean":{"confidence_interval":{"confidence_level":0.95,"lower_bound":-0.3513063514595172,"upper_bound":-0.3462676157960569},"point_estimate":-0.3487782193841661,"standard_error":0.001283743480398593},"median":{"confidence_interval":{"confidence_level":0.95,"lower_bound":-0.3521244218551921,"upper_bound":-0.34642564465442194},"point_estimate":-0.34834201667832254,"standard_error":0.001398237566087217}}