{"mean":{"confidence_interval":{"confidence_level":0.95,"lower_bound":774618988.985,"upper_bound":779069867.1175001},"point_estimate":776670804.1,"standard_error":1140348.8439112513},"median":{"confidence_interval":{"confidence_level":0.95,"lower_bound":773602792.0,"upper_bound":779366604.0},"point_estimate":775670229.0,"standard_error":1443821.0916956752},"median_abs_dev":{"confidence_interval":{"confidence_level":0.95,"lower_bound":129542.91400015354,"upper_bound":5881535.62348187},"point_estimate":3085352.073124051,"standard_error":1571148.0772111483},"slope":null,"std_dev":{"confidence_interval":{"confidence_level":0.95,"lower_bound":1531951.7585038322,"upper_bound":4961786.811085639},"point_estimate":3801146.223739578,"standard_error":903701.4990635465}}