{"mean":{"confidence_interval":{"confidence_level":0.95,"lower_bound":-0.3765867966133425,"upper_bound":-0.3661548361072594},"point_estimate":-0.3711649410238034,"standard_error":0.0026758418288452307},"median":{"confidence_interval":{"confidence_level":0.95,"lower_bound":-0.3791978167365413,"upper_bound":-0.3630554107702856},"point_estimate":-0.3678788835081699,"standard_error":0.004004994132091765}}