{"mean":{"confidence_interval":{"confidence_level":0.95,"lower_bound":14627258162.6,"upper_bound":14654643091.8},"point_estimate":14640866521.0,"standard_error":7018697.618400394},"median":{"confidence_interval":{"confidence_level":0.95,"lower_bound":14622230188.0,"upper_bound":14663395250.0},"point_estimate":14637554083.5,"standard_error":12708817.127136279},"median_abs_dev":{"confidence_interval":{"confidence_level":0.95,"lower_bound":4391214.269140363,"upper_bound":36356687.204539776},"point_estimate":26294682.226476073,"standard_error":9075653.029062064},"slope":null,"std_dev":{"confidence_interval":{"confidence_level":0.95,"lower_bound":15119264.034914551,"upper_bound":28045837.338164385},"point_estimate":23466269.11845416,"standard_error":3305494.2114151022}}