{"mean":{"confidence_interval":{"confidence_level":0.95,"lower_bound":-0.5238094548548965,"upper_bound":-0.517241986093267},"point_estimate":-0.5206549024489283,"standard_error":0.001683012026884788},"median":{"confidence_interval":{"confidence_level":0.95,"lower_bound":-0.5265627634456781,"upper_bound":-0.5156001742879647},"point_estimate":-0.521724833274675,"standard_error":0.003158034274274469}}