{"mean":{"confidence_interval":{"confidence_level":0.95,"lower_bound":-0.3453147225377439,"upper_bound":-0.3432698766176096},"point_estimate":-0.3442736325046236,"standard_error":0.0005217214980019228},"median":{"confidence_interval":{"confidence_level":0.95,"lower_bound":-0.34601976308636195,"upper_bound":-0.3429170346403063},"point_estimate":-0.3441373421928644,"standard_error":0.0008414916528649731}}