{"mean":{"confidence_interval":{"confidence_level":0.95,"lower_bound":-0.4749598883122235,"upper_bound":-0.4724597643481002},"point_estimate":-0.47371306486577525,"standard_error":0.0006407087896615505},"median":{"confidence_interval":{"confidence_level":0.95,"lower_bound":-0.4752456687230924,"upper_bound":-0.47179628381968464},"point_estimate":-0.4737857117020521,"standard_error":0.0008861410796830143}}