{"mean":{"confidence_interval":{"confidence_level":0.95,"lower_bound":5924783334.202499,"upper_bound":5936846579.929999},"point_estimate":5930744883.4,"standard_error":3090819.042941331},"median":{"confidence_interval":{"confidence_level":0.95,"lower_bound":5923468875.0,"upper_bound":5942556500.0},"point_estimate":5929731563.0,"standard_error":4710150.173556778},"median_abs_dev":{"confidence_interval":{"confidence_level":0.95,"lower_bound":1926453.3407986164,"upper_bound":18885605.317613482},"point_estimate":10216133.847427368,"standard_error":4388868.838479631},"slope":null,"std_dev":{"confidence_interval":{"confidence_level":0.95,"lower_bound":6039828.586315162,"upper_bound":12761568.633514173},"point_estimate":10315315.665058503,"standard_error":1703359.7176245328}}